Buy Count,Raised,Total Tokens Issued
0,1.02,3146.622436588306781515
1,1.04,6262.543915104052894775
2,1.06,9348.645905156194547171
3,1.08,12405.768486261734874292
4,1.1,15434.713018702051711604
5,1.12,18436.244596792285991379
6,1.14,21411.094305844710462448
7,1.16,24359.961301690090122777
8,1.18,27283.514729515431736128
9,1.2,30182.3954969375255056
